"iso","stable","loss","gain","disturb","net","change","gfw_area__ha"
"KEN",4125013.441000000108033,402328.151899999997113,117012.533999999999651,235368.750100000004750,-285315.617900000012014,-5.990610122680664,58598375.9505265
